Date,Time Initiated,Time Elapsed (minutes),Energy Saving (kWh),Conditions Met
2024-09-01,12:20:54,3.3082,2.049,"plc_grid_breaker_opened, pcsv_not_fault, pcsv_on"
2024-09-01,13:38:36,3.5236,3.011,"plc_grid_breaker_opened, pcsv_not_fault, pcsv_on"
2024-09-01,17:58:30,1.324,0.023,"pcsv_off_grid_mode, pcsv_not_fault, pcsv_on"
2024-09-01,23:11:05,2.5557,2.402,"plc_grid_breaker_opened, pcsv_not_fault, pcsv_on"
2024-09-01,23:47:46,2.0952,1.877,"pcsv_off_grid_mode, pcsv_not_fault, pcsv_on"
2024-09-02,02:05:35,3.04,2.886,"plc_grid_breaker_opened, pcsv_not_fault, pcsv_on"
2024-09-02,05:38:29,2.0915,8.827,"plc_grid_breaker_opened, pcsv_not_fault, pcsv_on"
2024-09-02,10:22:55,6.3776,160.067,"plc_grid_breaker_opened, pcsv_not_fault, pcsv_on"
2024-09-02,11:26:24,9.5822,255.355,"plc_grid_breaker_opened, pcsv_not_fault, pcsv_on"
2024-09-02,15:02:18,4.993,136.997,"plc_grid_breaker_opened, pcsv_not_fault, pcsv_on"
2024-09-02,16:01:55,3.9327,113.512,"plc_grid_breaker_opened, pcsv_not_fault, pcsv_on"
2024-09-03,14:24:45,2.6534,71.262,"plc_grid_breaker_opened, pcsv_not_fault, pcsv_on"
2024-09-03,14:31:54,8.9894,256.123,"plc_grid_breaker_opened, pcsv_not_fault, pcsv_on"
2024-09-03,14:57:52,2.0764,49.704,"plc_grid_breaker_opened, pcsv_not_fault, pcsv_on"
2024-09-03,15:01:36,7.9579,208.109,"plc_grid_breaker_opened, pcsv_not_fault, pcsv_on"
2024-09-03,16:18:54,5.4828,152.687,"plc_grid_breaker_opened, pcsv_not_fault, pcsv_on"
2024-09-03,18:06:45,2.7217,69.024,"plc_grid_breaker_opened, pcsv_not_fault, pcsv_on"
2024-09-03,18:58:03,4.8463,91.158,"plc_grid_breaker_opened, pcsv_not_fault, pcsv_on"
2024-09-03,19:07:39,3.6418,60.729,"plc_grid_breaker_opened, pcsv_not_fault, pcsv_on"
2024-09-03,20:08:05,1.0935,6.828,"plc_grid_breaker_opened, pcsv_not_fault, pcsv_on"
2024-09-04,10:01:16,2.4329,66.027,"plc_grid_breaker_opened, pcsv_not_fault, pcsv_on"
2024-09-04,11:17:20,33.6098,992.376,"plc_grid_breaker_opened, pcsv_not_fault, pcsv_on"
2024-09-04,17:31:02,8.9465,234.317,"plc_grid_breaker_opened, pcsv_not_fault, pcsv_on"
2024-09-05,12:26:34,187.9759,2264.21,"plc_grid_breaker_opened, pcsv_not_fault, pcsv_on"
2024-09-06,10:10:03,8.1205,197.629,"plc_grid_breaker_opened, pcsv_not_fault, pcsv_on"
2024-09-06,11:31:36,2.1046,44.348,"plc_grid_breaker_opened, pcsv_not_fault, pcsv_on"
2024-09-06,18:47:03,5.8668,154.129,"plc_grid_breaker_opened, pcsv_not_fault, pcsv_on"
2024-09-06,22:06:57,3.62,93.917,"plc_grid_breaker_opened, pcsv_not_fault, pcsv_on"
2024-09-07,03:22:00,6.0246,134.049,"plc_grid_breaker_opened, pcsv_not_fault, pcsv_on"
2024-09-07,05:01:27,2.8813,69.022,"plc_grid_breaker_opened, pcsv_not_fault, pcsv_on"
2024-09-07,05:43:43,5.4764,124.392,"plc_grid_breaker_opened, pcsv_not_fault, pcsv_on"
2024-09-07,12:54:50,4.7843,135.024,"plc_grid_breaker_opened, pcsv_not_fault, pcsv_on"
2024-09-07,14:47:02,1.8151,49.464,"plc_grid_breaker_opened, pcsv_not_fault, pcsv_on"
2024-09-07,18:55:10,5.7395,157.66,"plc_grid_breaker_opened, pcsv_not_fault, pcsv_on"
2024-09-08,13:31:27,2.6623,2.298,"plc_grid_breaker_opened, pcsv_not_fault, pcsv_on"
2024-09-08,13:35:45,244.4292,237.506,"plc_grid_breaker_opened, utility_grid_off, pcsv_not_fault, pcsv_on"
2024-09-09,00:50:09,3.4845,3.515,"plc_grid_breaker_opened, pcsv_not_fault, pcsv_on"
2024-09-09,05:15:55,1.787,8.289,"plc_grid_breaker_opened, pcsv_not_fault, pcsv_on"
2024-09-09,09:54:56,10.5827,297.521,"plc_grid_breaker_opened, pcsv_not_fault, pcsv_on"
2024-09-09,11:23:37,3.31,96.666,"plc_grid_breaker_opened, pcsv_not_fault, pcsv_on"
2024-09-09,13:12:45,4.1604,117.395,"plc_grid_breaker_opened, pcsv_not_fault, pcsv_on"
2024-09-09,15:55:11,6.2422,187.088,"plc_grid_breaker_opened, pcsv_not_fault, pcsv_on"
2024-09-09,18:23:19,3.5084,93.712,"plc_grid_breaker_opened, pcsv_not_fault, pcsv_on"
2024-09-09,20:04:29,1.4088,27.262,"plc_grid_breaker_opened, pcsv_not_fault, pcsv_on"
2024-09-09,22:32:30,3.2838,49.773,"plc_grid_breaker_opened, pcsv_not_fault, pcsv_on"
2024-09-10,00:19:57,2.6175,49.249,"plc_grid_breaker_opened, pcsv_not_fault, pcsv_on"
2024-09-10,02:36:32,3.2048,63.298,"plc_grid_breaker_opened, pcsv_not_fault, pcsv_on"
2024-09-10,02:54:26,2.7534,52.198,"plc_grid_breaker_opened, pcsv_not_fault, pcsv_on"
2024-09-10,03:37:33,4.9636,104.136,"plc_grid_breaker_opened, pcsv_not_fault, pcsv_on"
2024-09-10,04:04:06,5.3946,108.933,"plc_grid_breaker_opened, pcsv_not_fault, pcsv_on"
2024-09-10,04:12:28,5.0753,106.07,"plc_grid_breaker_opened, pcsv_not_fault, pcsv_on"
2024-09-10,04:23:06,6.3664,125.581,"plc_grid_breaker_opened, pcsv_not_fault, pcsv_on"
2024-09-10,11:27:21,5.6254,178.172,"plc_grid_breaker_opened, pcsv_not_fault, pcsv_on"
2024-09-10,12:53:30,6.4606,195.236,"plc_grid_breaker_opened, pcsv_not_fault, pcsv_on"
2024-09-10,13:04:39,2.0004,59.725,"plc_grid_breaker_opened, pcsv_not_fault, pcsv_on"
2024-09-10,13:13:45,8.3119,255.463,"plc_grid_breaker_opened, pcsv_not_fault, pcsv_on"
2024-09-10,14:11:15,8.7315,273.031,"plc_grid_breaker_opened, pcsv_not_fault, pcsv_on"
2024-09-10,16:57:06,2.0597,38.578,"plc_grid_breaker_opened, pcsv_not_fault, pcsv_on"
2024-09-10,17:00:50,10.3521,231.231,"plc_grid_breaker_opened, pcsv_not_fault, pcsv_on"
2024-09-10,17:34:17,2.4898,65.946,"plc_grid_breaker_opened, pcsv_not_fault, pcsv_on"
2024-09-10,18:51:41,2.197,51.142,"plc_grid_breaker_opened, pcsv_not_fault, pcsv_on"
2024-09-10,22:06:38,3.8331,89.264,"plc_grid_breaker_opened, pcsv_not_fault, pcsv_on"
2024-09-10,23:56:01,2.7859,58.65,"plc_grid_breaker_opened, pcsv_not_fault, pcsv_on"
2024-09-11,03:55:46,4.0466,79.608,"plc_grid_breaker_opened, pcsv_not_fault, pcsv_on"
2024-09-11,11:08:50,7.6261,233.549,"plc_grid_breaker_opened, pcsv_not_fault, pcsv_on"
2024-09-11,16:33:51,6.5768,192.42,"plc_grid_breaker_opened, pcsv_not_fault, pcsv_on"
2024-09-11,16:42:04,2.3481,61.967,"plc_grid_breaker_opened, pcsv_not_fault, pcsv_on"
2024-09-11,20:23:13,6.2586,164.103,"pcsv_var_abnormal, pcsv_not_fault, pcsv_on"
2024-09-11,22:21:01,3.8358,91.039,"plc_grid_breaker_opened, pcsv_not_fault, pcsv_on"
2024-09-12,07:46:53,3.3499,78.85,"plc_grid_breaker_opened, pcsv_not_fault, pcsv_on"
2024-09-12,07:54:26,8.2694,200.883,"plc_grid_breaker_opened, pcsv_not_fault, pcsv_on"
2024-09-12,08:24:32,2.1701,55.152,"plc_grid_breaker_opened, pcsv_not_fault, pcsv_on"
2024-09-12,09:35:14,4.5523,132.869,"plc_grid_breaker_opened, pcsv_not_fault, pcsv_on"
2024-09-12,09:46:44,9.5817,279.445,"plc_grid_breaker_opened, pcsv_not_fault, pcsv_on"
2024-09-12,11:05:47,7.5954,206.713,"plc_grid_breaker_opened, pcsv_not_fault, pcsv_on"
2024-09-12,15:42:36,2.8198,73.089,"plc_grid_breaker_opened, pcsv_not_fault, pcsv_on"
2024-09-12,19:14:32,1.0481,4.07,"plc_grid_breaker_opened, pcsv_not_fault, pcsv_on"
2024-09-13,05:20:40,3.9541,90.661,"plc_grid_breaker_opened, pcsv_not_fault, pcsv_on"
2024-09-13,08:28:27,3.5246,91.748,"plc_grid_breaker_opened, pcsv_not_fault, pcsv_on"
2024-09-13,09:27:11,2.3832,69.003,"plc_grid_breaker_opened, pcsv_not_fault, pcsv_on"
2024-09-13,11:39:39,19.5144,331.18,"plc_grid_breaker_opened, pcsv_not_fault, pcsv_on"
2024-09-13,18:52:18,3.2402,95.592,"plc_grid_breaker_opened, pcsv_not_fault, pcsv_on"
2024-09-13,22:27:27,3.2742,81.436,"plc_grid_breaker_opened, pcsv_not_fault, pcsv_on"
2024-09-14,08:23:53,544.9232,6196.389,"plc_grid_breaker_opened, pcsv_not_fault, pcsv_on"
2024-09-14,17:30:01,60.824,361.183,"utility_grid_off, pcsv_not_fault"
2024-09-14,18:33:29,1.9258,10.904,"plc_grid_breaker_opened, pcsv_not_fault, pcsv_on"
2024-09-14,18:49:26,5.3184,36.749,"plc_grid_breaker_opened, pcsv_not_fault, pcsv_on"
2024-09-14,19:09:09,3.6435,34.37,"plc_grid_breaker_opened, pcsv_not_fault, pcsv_on"
2024-09-14,19:31:09,3.0136,39.642,"plc_grid_breaker_opened, pcsv_not_fault, pcsv_on"
2024-09-15,07:03:09,3.5564,43.18,"plc_grid_breaker_opened, pcsv_not_fault, pcsv_on"
2024-09-15,14:28:51,13.6037,219.903,"plc_grid_breaker_opened, pcsv_not_fault, pcsv_on"
2024-09-15,22:15:13,3.895,41.801,"plc_grid_breaker_opened, pcsv_not_fault, pcsv_on"
2024-09-16,02:59:39,4.4589,44.422,"plc_grid_breaker_opened, pcsv_not_fault, pcsv_on"
2024-09-16,10:53:16,3.3862,3.392,"plc_grid_breaker_opened, pcsv_not_fault, pcsv_on"
2024-09-16,12:01:29,23.923,11.462,
2024-09-16,12:26:22,19.436,5.729,
2024-09-16,12:46:45,120.4097,61.529,
2024-09-16,14:48:06,13.6004,11.518,
2024-09-16,15:02:39,9.8278,5.358,
2024-09-16,15:35:56,32.7427,20.949,
2024-09-16,16:09:38,23.4146,14.701,
2024-09-16,16:34:00,13.197,8.048,
2024-09-16,16:48:08,8.3554,3.882,
2024-09-16,17:03:29,6.7388,1.305,
2024-09-16,17:16:07,11.3839,9.131,
2024-09-16,17:16:07,11.4054,9.131,
2024-09-16,19:00:18,2.9919,2.417,"plc_grid_breaker_opened, pcsv_not_fault, pcsv_on"
2024-09-17,17:15:47,2.8366,83.577,"plc_grid_breaker_opened, pcsv_not_fault, pcsv_on"
2024-09-18,04:36:26,2.5157,62.15,"plc_grid_breaker_opened, pcsv_not_fault, pcsv_on"
2024-09-18,11:54:32,2.9728,89.288,"plc_grid_breaker_opened, pcsv_not_fault, pcsv_on"
2024-09-18,14:36:42,2.9462,90.667,"plc_grid_breaker_opened, pcsv_not_fault, pcsv_on"
2024-09-19,07:52:58,3.2676,95.495,"plc_grid_breaker_opened, pcsv_not_fault, pcsv_on"
2024-09-19,11:44:55,3.0458,89.561,"plc_grid_breaker_opened, pcsv_not_fault, pcsv_on"
2024-09-19,17:01:30,2.0054,56.222,"plc_grid_breaker_opened, pcsv_not_fault, pcsv_on"
2024-09-19,18:33:41,10.2817,201.32,"plc_grid_breaker_opened, pcsv_not_fault, pcsv_on"
2024-09-19,18:52:57,3.5337,59.758,"plc_grid_breaker_opened, pcsv_not_fault, pcsv_on"
2024-09-19,18:59:08,3.1732,64.279,"plc_grid_breaker_opened, pcsv_not_fault, pcsv_on"
2024-09-19,19:30:48,3.158,76.182,"plc_grid_breaker_opened, pcsv_not_fault, pcsv_on"
2024-09-19,19:54:00,3.3191,90.314,"plc_grid_breaker_opened, pcsv_not_fault, pcsv_on"
2024-09-19,20:02:38,1.0801,11.368,"plc_grid_breaker_opened, pcsv_not_fault, pcsv_on"
2024-09-19,21:35:01,8.2266,214.747,"plc_grid_breaker_opened, pcsv_not_fault, pcsv_on"
2024-09-19,23:47:41,3.86,90.5,"plc_grid_breaker_opened, pcsv_not_fault, pcsv_on"
2024-09-20,01:00:07,6.36,154.204,"plc_grid_breaker_opened, pcsv_not_fault, pcsv_on"
2024-09-20,01:16:13,8.535,218.318,"plc_grid_breaker_opened, pcsv_not_fault, pcsv_on"
2024-09-20,03:41:58,1.098,0.47,"plc_grid_breaker_opened, pcsv_not_fault, pcsv_on"
2024-09-20,07:59:49,2.9656,74.086,"plc_grid_breaker_opened, pcsv_not_fault, pcsv_on"
2024-09-20,08:45:46,9.4956,234.341,"plc_grid_breaker_opened, pcsv_not_fault, pcsv_on"
2024-09-20,09:45:48,2.6482,49.159,"plc_grid_breaker_opened, pcsv_not_fault, pcsv_on"
2024-09-20,11:00:26,1.7788,21.755,"plc_grid_breaker_opened, pcsv_not_fault, pcsv_on"
2024-09-20,11:53:13,5.0056,138.279,"plc_grid_breaker_opened, pcsv_not_fault, pcsv_on"
2024-09-20,13:30:36,7.9265,212.903,"plc_grid_breaker_opened, pcsv_not_fault, pcsv_on"
2024-09-20,17:09:30,8.6198,222.615,"plc_grid_breaker_opened, pcsv_not_fault, pcsv_on"
2024-09-20,17:30:34,11.9264,324.254,"plc_grid_breaker_opened, pcsv_not_fault, pcsv_on"
2024-09-20,17:46:45,2.5205,65.028,"plc_grid_breaker_opened, pcsv_not_fault, pcsv_on"
2024-09-20,19:19:08,2.3775,45.754,"plc_grid_breaker_opened, pcsv_not_fault, pcsv_on"
2024-09-20,19:48:52,8.2699,109.926,"plc_grid_breaker_opened, pcsv_not_fault, pcsv_on"
2024-09-20,23:16:06,3.5038,79.471,"plc_grid_breaker_opened, pcsv_not_fault, pcsv_on"
2024-09-21,03:35:27,11.9931,281.934,"plc_grid_breaker_opened, pcsv_not_fault, pcsv_on"
2024-09-21,05:01:27,13.5409,319.704,"plc_grid_breaker_opened, pcsv_not_fault, pcsv_on"
2024-09-21,05:46:21,4.382,106.116,"plc_grid_breaker_opened, pcsv_not_fault, pcsv_on"
2024-09-21,06:40:32,3.9733,87.461,"plc_grid_breaker_opened, pcsv_not_fault, pcsv_on"
2024-09-21,08:10:01,1.1522,23.096,"plc_grid_breaker_opened, pcsv_not_fault, pcsv_on"
2024-09-21,09:00:38,3.702,83.204,"plc_grid_breaker_opened, pcsv_not_fault, pcsv_on"
2024-09-21,10:43:55,4.7797,142.35,"plc_grid_breaker_opened, pcsv_not_fault, pcsv_on"
2024-09-21,11:37:33,2.9995,85.299,"plc_grid_breaker_opened, pcsv_not_fault, pcsv_on"
2024-09-21,12:55:03,1.1215,0.0,"plc_grid_breaker_opened, pcsv_not_fault, pcsv_on"
2024-09-21,15:13:29,1.9106,45.084,"plc_grid_breaker_opened, pcsv_not_fault, pcsv_on"
2024-09-21,18:10:37,7.3983,112.384,"plc_grid_breaker_opened, pcsv_not_fault, pcsv_on"
2024-09-21,20:04:22,3.8759,104.438,"plc_grid_breaker_opened, pcsv_not_fault, pcsv_on"
2024-09-21,20:12:00,2.6022,64.831,"plc_grid_breaker_opened, pcsv_not_fault, pcsv_on"
2024-09-21,20:25:01,3.1056,71.85,"plc_grid_breaker_opened, pcsv_not_fault, pcsv_on"
2024-09-21,20:41:34,5.8981,130.495,"plc_grid_breaker_opened, pcsv_not_fault, pcsv_on"
2024-09-22,00:55:12,5.3112,136.077,"plc_grid_breaker_opened, pcsv_not_fault, pcsv_on"
2024-09-22,01:32:43,2.6909,35.034,"plc_grid_breaker_opened, pcsv_not_fault, pcsv_on"
2024-09-22,05:48:43,3.5844,92.909,"plc_grid_breaker_opened, pcsv_not_fault, pcsv_on"
2024-09-22,08:35:37,2.1588,51.553,"plc_grid_breaker_opened, pcsv_not_fault, pcsv_on"
2024-09-22,09:21:02,8.72,191.07,"plc_grid_breaker_opened, pcsv_not_fault, pcsv_on"
2024-09-22,09:35:50,2.2093,43.327,"plc_grid_breaker_opened, pcsv_not_fault, pcsv_on"
2024-09-22,11:17:06,8.3593,188.18,"plc_grid_breaker_opened, pcsv_not_fault, pcsv_on"
2024-09-22,14:35:38,4.251,91.742,"plc_grid_breaker_opened, pcsv_not_fault, pcsv_on"
2024-09-22,16:21:22,3.0994,49.409,"plc_grid_breaker_opened, pcsv_not_fault, pcsv_on"
2024-09-22,18:05:47,2.4839,34.209,"plc_grid_breaker_opened, pcsv_not_fault, pcsv_on"
2024-09-22,18:36:53,2.0721,24.21,"plc_grid_breaker_opened, pcsv_not_fault, pcsv_on"
2024-09-22,21:48:34,6.5417,6.309,"plc_grid_breaker_opened, pcsv_not_fault, pcsv_on"
2024-09-23,05:42:29,2.6712,9.067,"pcsv_var_abnormal, pcsv_not_fault, pcsv_on"
2024-09-23,06:09:49,3.3325,9.469,"plc_grid_breaker_opened, pcsv_not_fault, pcsv_on"
2024-09-23,06:21:51,3.8174,10.753,"plc_grid_breaker_opened, pcsv_not_fault, pcsv_on"
2024-09-23,07:53:34,3.1482,53.767,"plc_grid_breaker_opened, pcsv_not_fault, pcsv_on"
2024-09-23,12:19:05,3.6987,90.075,"plc_grid_breaker_opened, pcsv_not_fault, pcsv_on"
2024-09-23,13:16:21,2.919,70.356,"plc_grid_breaker_opened, pcsv_not_fault, pcsv_on"
2024-09-23,13:22:25,2.155,50.214,"plc_grid_breaker_opened, pcsv_not_fault, pcsv_on"
2024-09-23,13:53:00,5.7466,137.731,"plc_grid_breaker_opened, pcsv_not_fault, pcsv_on"
2024-09-23,14:03:13,6.3389,153.987,"plc_grid_breaker_opened, pcsv_not_fault, pcsv_on"
2024-09-23,14:12:58,2.0822,48.406,"plc_grid_breaker_opened, pcsv_off_grid_mode, pcsv_not_fault, pcsv_on"
2024-09-23,14:23:21,2.2897,52.667,"plc_grid_breaker_opened, pcsv_not_fault, pcsv_on"
2024-09-23,14:53:43,5.6904,123.269,"plc_grid_breaker_opened, pcsv_not_fault, pcsv_on"
2024-09-23,15:52:59,2.9068,72.768,"plc_grid_breaker_opened, pcsv_not_fault, pcsv_on"
2024-09-23,16:29:41,2.1637,49.338,"plc_grid_breaker_opened, pcsv_not_fault, pcsv_on"
2024-09-23,18:01:20,3.7853,91.439,"plc_grid_breaker_opened, pcsv_not_fault, pcsv_on"
2024-09-23,18:33:46,4.0347,98.996,"plc_grid_breaker_opened, pcsv_not_fault, pcsv_on"
2024-09-23,18:55:09,9.1253,231.279,"plc_grid_breaker_opened, pcsv_not_fault, pcsv_on"
2024-09-23,19:22:31,2.9591,72.697,"plc_grid_breaker_opened, pcsv_not_fault, pcsv_on"
2024-09-23,19:31:23,5.6483,132.74,"plc_grid_breaker_opened, pcsv_not_fault, pcsv_on"
2024-09-23,19:47:50,2.6836,62.659,"plc_grid_breaker_opened, pcsv_not_fault, pcsv_on"
2024-09-23,20:50:04,1.9442,27.076,"plc_grid_breaker_opened, pcsv_not_fault, pcsv_on"
2024-09-24,00:36:12,2.0503,41.318,"plc_grid_breaker_opened, pcsv_not_fault, pcsv_on"
2024-09-24,00:59:21,5.4706,113.445,"plc_grid_breaker_opened, pcsv_not_fault, pcsv_on"
2024-09-24,01:06:27,2.6235,50.287,"plc_grid_breaker_opened, pcsv_off_grid_mode, pcsv_not_fault, pcsv_on"
2024-09-24,02:06:51,2.0947,40.698,"plc_grid_breaker_opened, pcsv_not_fault, pcsv_on"
2024-09-24,02:11:48,13.9487,267.07,"plc_grid_breaker_opened, pcsv_not_fault, pcsv_on"
2024-09-24,03:08:46,7.4907,143.256,"plc_grid_breaker_opened, pcsv_not_fault, pcsv_on"
2024-09-24,03:23:47,2.4254,44.65,"plc_grid_breaker_opened, pcsv_not_fault, pcsv_on"
2024-09-24,10:28:19,5.2892,154.332,"plc_grid_breaker_opened, pcsv_not_fault, pcsv_on"
2024-09-24,11:14:55,4.0108,108.976,"plc_grid_breaker_opened, pcsv_not_fault, pcsv_on"
2024-09-24,11:36:05,2.9976,64.815,"plc_grid_breaker_opened, pcsv_not_fault, pcsv_on"
2024-09-24,15:03:31,2.761,37.683,"plc_grid_breaker_opened, pcsv_not_fault, pcsv_on"
2024-09-24,15:13:19,2.7435,37.212,"plc_grid_breaker_opened, pcsv_not_fault, pcsv_on"
2024-09-24,15:18:18,3.5659,60.591,"plc_grid_breaker_opened, pcsv_not_fault, pcsv_on"
2024-09-24,15:29:25,12.3025,267.724,"plc_grid_breaker_opened, pcsv_not_fault, pcsv_on"
2024-09-24,15:46:27,2.1804,52.771,"plc_grid_breaker_opened, pcsv_not_fault, pcsv_on"
2024-09-24,15:57:43,5.3199,121.158,"plc_grid_breaker_opened, pcsv_not_fault, pcsv_on"
2024-09-24,16:20:42,1.9341,17.652,"plc_grid_breaker_opened, pcsv_not_fault, pcsv_on"
2024-09-24,18:31:28,1.2022,3.347,"plc_grid_breaker_opened, pcsv_not_fault, pcsv_on"
2024-09-24,19:25:07,4.965,75.383,"plc_grid_breaker_opened, pcsv_not_fault, pcsv_on"
2024-09-24,19:33:13,2.9883,51.957,"plc_grid_breaker_opened, pcsv_not_fault, pcsv_on"
2024-09-24,20:15:34,6.3313,152.747,"plc_grid_breaker_opened, pcsv_not_fault, pcsv_on"
2024-09-24,20:31:38,2.1518,45.838,"plc_grid_breaker_opened, pcsv_not_fault, pcsv_on"
2024-09-24,22:20:24,1.6768,31.102,"plc_grid_breaker_opened, pcsv_not_fault, pcsv_on"
2024-09-24,23:28:48,3.3945,46.499,"plc_grid_breaker_opened, pcsv_not_fault, pcsv_on"
2024-09-25,08:14:35,1.9149,32.203,"plc_grid_breaker_opened, pcsv_not_fault, pcsv_on"
2024-09-25,12:46:35,2.4119,56.23,"plc_grid_breaker_opened, pcsv_not_fault, pcsv_on"
2024-09-25,18:28:12,5.1633,82.289,"plc_grid_breaker_opened, pcsv_not_fault, pcsv_on"
2024-09-25,21:54:22,3.855,87.748,"plc_grid_breaker_opened, pcsv_not_fault, pcsv_on"
2024-09-25,21:59:56,5.3647,130.074,"plc_grid_breaker_opened, pcsv_not_fault, pcsv_on"
2024-09-26,00:35:52,2.109,42.405,"plc_grid_breaker_opened, pcsv_not_fault, pcsv_on"
2024-09-26,02:18:15,3.1577,52.252,"plc_grid_breaker_opened, pcsv_not_fault, pcsv_on"
2024-09-26,02:42:46,7.6679,110.926,"plc_grid_breaker_opened, pcsv_not_fault, pcsv_on"
2024-09-26,02:52:08,2.215,37.106,"plc_grid_breaker_opened, pcsv_not_fault, pcsv_on"
2024-09-26,02:58:57,2.0499,32.997,"plc_grid_breaker_opened, pcsv_not_fault, pcsv_on"
2024-09-26,04:10:56,5.6022,94.957,"plc_grid_breaker_opened, pcsv_not_fault, pcsv_on"
2024-09-26,07:43:14,4.0462,74.046,"plc_grid_breaker_opened, pcsv_not_fault, pcsv_on"
2024-09-26,09:11:45,1.1104,15.019,"plc_grid_breaker_opened, pcsv_not_fault, pcsv_on"
2024-09-26,15:39:09,2.6453,60.567,"plc_grid_breaker_opened, pcsv_not_fault, pcsv_on"
2024-09-26,15:55:20,5.5565,139.764,"plc_grid_breaker_opened, pcsv_not_fault, pcsv_on"
2024-09-26,18:38:03,3.5412,88.492,"plc_grid_breaker_opened, pcsv_not_fault, pcsv_on"
2024-09-26,19:45:40,1.9017,40.255,"plc_grid_breaker_opened, pcsv_not_fault, pcsv_on"
2024-09-26,20:51:33,2.6056,47.6,"plc_grid_breaker_opened, pcsv_not_fault, pcsv_on"
2024-09-26,20:55:45,4.4155,91.111,"plc_grid_breaker_opened, pcsv_not_fault, pcsv_on"
2024-09-27,00:27:24,9.5856,189.085,"plc_grid_breaker_opened, pcsv_not_fault, pcsv_on"
2024-09-27,01:33:18,3.6271,59.684,"plc_grid_breaker_opened, pcsv_not_fault, pcsv_on"
2024-09-27,01:48:55,2.4172,44.01,"plc_grid_breaker_opened, pcsv_not_fault, pcsv_on"
2024-09-27,06:11:56,5.4029,106.626,"plc_grid_breaker_opened, pcsv_not_fault, pcsv_on"
2024-09-27,06:26:36,7.5018,135.021,"plc_grid_breaker_opened, pcsv_not_fault, pcsv_on"
2024-09-27,07:18:56,5.5215,100.098,"plc_grid_breaker_opened, pcsv_not_fault, pcsv_on"
2024-09-27,07:51:14,2.4548,41.599,"plc_grid_breaker_opened, pcsv_not_fault, pcsv_on"
2024-09-27,11:10:37,3.1203,70.704,"plc_grid_breaker_opened, pcsv_not_fault, pcsv_on"
2024-09-27,13:06:17,3.4819,79.225,"plc_grid_breaker_opened, pcsv_not_fault, pcsv_on"
2024-09-27,13:30:58,1.1602,12.566,"plc_grid_breaker_opened, pcsv_not_fault, pcsv_on"
2024-09-27,14:28:51,5.8042,120.669,"plc_grid_breaker_opened, pcsv_not_fault, pcsv_on"
2024-09-27,15:36:49,1.8027,30.47,"plc_grid_breaker_opened, pcsv_not_fault, pcsv_on"
2024-09-27,16:02:53,4.6681,78.475,"plc_grid_breaker_opened, pcsv_not_fault, pcsv_on"
2024-09-27,17:12:30,3.1217,75.672,"plc_grid_breaker_opened, pcsv_not_fault, pcsv_on"
2024-09-27,18:10:24,1.9533,35.606,"plc_grid_breaker_opened, pcsv_not_fault, pcsv_on"
2024-09-27,18:34:20,2.0111,28.309,"pcsv_off_grid_mode, pcsv_not_fault, pcsv_on"
2024-09-27,18:48:58,3.4128,62.581,"plc_grid_breaker_opened, pcsv_not_fault, pcsv_on"
2024-09-27,19:10:38,2.7274,56.926,"plc_grid_breaker_opened, pcsv_not_fault, pcsv_on"
2024-09-27,19:49:12,10.8304,259.608,"plc_grid_breaker_opened, pcsv_not_fault, pcsv_on"
2024-09-27,20:02:44,1.1046,5.845,"plc_grid_breaker_opened, pcsv_not_fault, pcsv_on"
2024-09-27,22:07:08,2.8283,68.086,"plc_grid_breaker_opened, pcsv_not_fault, pcsv_on"
2024-09-28,00:27:08,6.7756,147.385,"plc_grid_breaker_opened, pcsv_not_fault, pcsv_on"
2024-09-28,04:05:57,4.2654,93.031,"plc_grid_breaker_opened, pcsv_not_fault, pcsv_on"
2024-09-28,07:29:20,7.5056,154.745,"plc_grid_breaker_opened, pcsv_not_fault, pcsv_on"
2024-09-28,07:46:24,2.8692,61.465,"plc_grid_breaker_opened, pcsv_not_fault, pcsv_on"
2024-09-28,08:55:30,3.5147,84.5,"plc_grid_breaker_opened, pcsv_not_fault, pcsv_on"
2024-09-28,10:28:59,3.9887,85.027,"plc_grid_breaker_opened, pcsv_not_fault, pcsv_on"
2024-09-28,11:56:10,2.0158,44.657,"plc_grid_breaker_opened, pcsv_not_fault, pcsv_on"
2024-09-28,13:31:13,2.7636,65.782,"plc_grid_breaker_opened, pcsv_not_fault, pcsv_on"
2024-09-28,13:48:06,1.7222,37.923,"plc_grid_breaker_opened, pcsv_not_fault, pcsv_on"
2024-09-28,14:35:06,2.9986,69.628,"plc_grid_breaker_opened, pcsv_not_fault, pcsv_on"
2024-09-28,14:39:45,3.3664,85.148,"plc_grid_breaker_opened, pcsv_not_fault, pcsv_on"
2024-09-28,15:06:16,1.1537,12.667,"plc_grid_breaker_opened, pcsv_not_fault, pcsv_on"
2024-09-28,18:59:52,4.256,105.104,"plc_grid_breaker_opened, pcsv_not_fault, pcsv_on"
2024-09-28,20:40:19,2.0832,35.709,"plc_grid_breaker_opened, pcsv_not_fault, pcsv_on"
2024-09-28,21:06:33,6.0701,93.744,"plc_grid_breaker_opened, pcsv_not_fault, pcsv_on"
2024-09-29,05:55:11,3.9909,49.705,"plc_grid_breaker_opened, pcsv_not_fault, pcsv_on"
2024-09-29,09:25:18,2.3165,2.518,"plc_grid_breaker_opened, pcsv_not_fault, pcsv_on"
2024-09-29,10:20:24,11.0083,15.456,"plc_grid_breaker_opened, pcsv_not_fault, pcsv_on"
2024-09-29,11:18:24,17.2619,11.866,"plc_grid_breaker_opened, pcsv_not_fault, pcsv_on"
2024-09-29,11:39:01,2.5775,1.775,"plc_grid_breaker_opened, pcsv_not_fault, pcsv_on"
2024-09-29,12:10:47,3.5696,2.143,"plc_grid_breaker_opened, pcsv_not_fault, pcsv_on"
2024-09-29,12:16:00,556.7586,345.01,"plc_grid_breaker_opened, utility_grid_off, pcsv_not_fault, pcsv_on"
2024-09-29,22:32:38,3.9082,2.817,"plc_grid_breaker_opened, pcsv_not_fault, pcsv_on"
2024-09-29,23:11:20,6.0879,4.709,"plc_grid_breaker_opened, pcsv_not_fault, pcsv_on"
2024-09-30,02:21:47,2.123,1.451,"plc_grid_breaker_opened, pcsv_not_fault, pcsv_on"
2024-09-30,02:38:16,2.7579,2.346,"plc_grid_breaker_opened, pcsv_not_fault, pcsv_on"
2024-09-30,03:28:29,2.9606,2.766,"plc_grid_breaker_opened, pcsv_not_fault, pcsv_on"
2024-09-30,04:49:17,3.1921,19.314,"plc_grid_breaker_opened, pcsv_not_fault, pcsv_on"
2024-09-30,06:16:22,2.5584,7.7,"plc_grid_breaker_opened, pcsv_not_fault, pcsv_on"
2024-09-30,07:06:40,4.4038,38.607,"plc_grid_breaker_opened, pcsv_not_fault, pcsv_on"
2024-09-30,07:55:28,2.9578,33.141,"pcsv_var_abnormal, pcsv_not_fault, pcsv_on"
2024-09-30,08:58:20,2.8836,59.672,"plc_grid_breaker_opened, pcsv_not_fault, pcsv_on"
2024-09-30,09:57:13,1.7717,36.832,"plc_grid_breaker_opened, pcsv_not_fault, pcsv_on"
2024-09-30,10:22:36,8.8416,218.513,"plc_grid_breaker_opened, pcsv_not_fault, pcsv_on"
2024-09-30,11:27:42,3.1736,90.424,"plc_grid_breaker_opened, pcsv_not_fault, pcsv_on"
2024-09-30,13:15:51,2.0231,56.784,"plc_grid_breaker_opened, pcsv_not_fault, pcsv_on"
2024-09-30,19:34:05,3.8224,79.472,"plc_grid_breaker_opened, pcsv_not_fault, pcsv_on"
2024-09-30,20:01:23,2.0476,49.319,"plc_grid_breaker_opened, pcsv_not_fault, pcsv_on"
2024-09-30,20:13:18,3.4236,74.996,"plc_grid_breaker_opened, pcsv_not_fault, pcsv_on"
2024-09-30,20:23:05,2.0032,47.342,"plc_grid_breaker_opened, pcsv_not_fault, pcsv_on"
2024-09-30,23:02:40,2.6063,42.802,"plc_grid_breaker_opened, pcsv_not_fault, pcsv_on"
,,,
,,Total savings,34465.024999999994
